turn1search0	C++ API – DuckDB
turn5search0	Adoption Metrics and Benchmark Results for DuckDB v1.4 LTS
turn6search7	Database errors – Microsoft.Data.Sqlite
turn12search1	PostgreSQL Compatibility – DuckDB
turn12search3	Transaction Management – DuckDB
turn12search4	Lightweight Compression in DuckDB
turn12search9	Overview – DuckDB SQL dialect
turn18search3	chDB technical reference
turn18search11	Execution engine configuration – chDB
turn19search1	Windows support? · chDB issue #188
turn19search3	Native Windows support? · chDB issue #368
turn20search3	Core Extensions – DuckDB
turn20search4	DuckDB.NET Basic Usage
turn20search10	Introduction · DuckDB.NET
turn21search2	Big Data on the Cheapest MacBook – DuckDB
turn23search1	CREATE COLUMNSTORE INDEX
turn23search4	What's New in Columnstore Indexes
turn24search0	DuckLabs to Join AWS, Projects to Remain Open Source
turn24search2	Thank You for 40,000 Stars on GitHub
